Category,Job Title,Description,Programming Languages,Tools,Studies
"Computer Science,Software Developer,""As a software developer, you will be responsible for designing, developing, and implementing software solutions to meet the needs of clients or organizations. This involves analyzing user requirements, writing code in various programming languages such as Python, Java, C++, or JavaScript, testing and debugging software using tools like Git and JIRA, and ensuring that it meets quality standards. A degree in computer science, software engineering, or a related field is typically required"",""Python, Java, C++, JavaScript"",""Git, JIRA"",""Computer Science, Software Engineering"""
"Computer Science,Data Scientist,""Data Scientist,As a data scientist, your role involves analyzing large datasets to extract valuable insights and trends that can inform business decisions. You will use statistical techniques, machine learning algorithms, and data mining methods with tools like Python libraries (such as Pandas, NumPy, and scikit-learn) or R, SQL for data manipulation, and visualization tools like Tableau or Matplotlib. A background in mathematics, statistics, computer science, or a related field is often required, along with experience in data analysis and programming"",""Python, R, SQL,Pandas"",""NumPy, scikit-learn, Tableau, Matplotlib"",""Mathematics, Statistics, Computer Science"""
"Computer Science,Network Engineer,""Network Engineer,Network engineers are responsible for designing, implementing, and managing computer networks within an organization. This includes planning and configuring network infrastructure using tools like Cisco Packet Tracer or GNS3, troubleshooting network issues with Wireshark or Ping, and optimizing network performance. A degree in computer science, information technology, or a related field, along with certifications such as Cisco Certified Network Associate (CCNA) or CompTIA Network+, is typically required"",*,""Cisco Packet Tracer, Wireshark, Ping"",""Computer Science, Information Technology"""
"Computer Science,Cybersecurity Analyst,""Cybersecurity analysts play a crucial role in protecting computer systems and networks from cyber threats. Your responsibilities may include monitoring security systems for suspicious activity using tools like Security Information and Event Management (SIEM) platforms, conducting vulnerability assessments and penetration testing with tools like Nmap or Metasploit, and responding to security incidents. A degree in computer science, information technology, or cybersecurity, along with relevant certifications such as Certified Ethical Hacker (CEH) or CompTIA Security+, is often required"",*,""Nmap, Metasploit"",""Computer Science, Information Technology, Cybersecurity"""
"Computer Science,Web Developer,""Web developers design and create websites using programming languages such as HTML, CSS, and JavaScript. You will work closely with clients or stakeholders to understand their requirements and preferences, and then translate them into visually appealing and functional web applications. Your responsibilities may also include optimizing websites for speed and performance, and ensuring compatibility across different browsers and devices. Familiarity with frameworks like React, Angular, or Vue.js and tools like Adobe Dreamweaver or Sublime Text is beneficial. A degree in computer science, web development, or a related field is typically required"",""HTML, CSS, JavaScript"",""React, Angular, Vue.js, Adobe Dreamweaver, Sublime Text"",""Computer Science, Web Development"""
"Computer Science,Database Administrator,""Database administrators are responsible for managing and maintaining databases to ensure they operate efficiently and securely. This involves tasks such as installing and configuring database software like MySQL, Oracle, or MongoDB, monitoring database performance using tools like SQL Server Management Studio or pgAdmin, and implementing backup and recovery procedures. A degree in computer science, database administration, or a related field, along with certifications such as Oracle Certified Professional (OCP) or Microsoft Certified: Azure Database Administrator Associate, is often required"",""MySQL, Oracle, MongoDB"",""SQL Server Management Studio, pgAdmin"",""Computer Science, Database Administration"""
"Computer Science,System Administrator,""System Administrator,System administrators are responsible for managing and maintaining computer systems and servers within an organization. This includes tasks such as installing and configuring hardware and software like Windows Server or Linux distributions, monitoring system performance using tools like Nagios or Zabbix, and troubleshooting technical issues. Knowledge of scripting languages like Bash or PowerShell and virtualization technologies like VMware or Hyper-V is beneficial. A degree in computer science, information technology, or a related field, along with certifications such as Microsoft Certified: Azure Administrator Associate or CompTIA Server+, is typically required"",*,""Windows Server, Linux, Nagios, Zabbix,Bash, PowerShell, VMware, Hyper-V"",""Computer Science, Information Technology"""
"Computer Science,AI Engineer,""AI engineers design and develop artificial intelligence solutions to solve complex problems and improve business processes. This involves tasks such as building and training machine learning models using frameworks like TensorFlow or PyTorch, developing algorithms for data analysis and pattern recognition with Python or R, and integrating AI technologies into existing systems and applications. Familiarity with cloud platforms like AWS or Azure for deploying and scaling AI models is beneficial. A degree in computer science, artificial intelligence, or a related field, along with experience in machine learning and deep learning, is often required"",Python,""TensorFlow, PyTorch, AWS, Azure"",""Computer Science, Artificial Intelligence"""
"Design,Graphic Designer,""Graphic designers use visual concepts to communicate ideas and messages through various forms of media. Your role involves creating graphics, illustrations, and layouts for print and digital platforms, such as advertisements, brochures, websites, and mobile apps. You will work closely with clients or stakeholders to understand their design requirements and objectives, and then use your creative skills to bring their vision to life. Proficiency in design software such as Adobe Photoshop, Illustrator, and InDesign is essential, along with a degree in graphic design, visual arts, or a related field"",*,""Adobe Photoshop, Illustrator, InDesign"",""Graphic Design, Visual Arts"""
"Design,UI/UX Designer,""UI/UX designers focus on creating intuitive and user-friendly interfaces and experiences for digital products and services. Your responsibilities may include conducting user research and testing using tools like Adobe XD or Sketch, wireframing and prototyping designs with tools like InVision or Figma, and collaborating with developers and other stakeholders to ensure a seamless user experience. You will also be involved in analyzing user feedback and data to continuously improve and optimize the usability of products and interfaces. A degree in interaction design, human-computer interaction, or a related field, along with experience in user interface design and usability testing, is often required"",*,""Adobe XD, Sketch, InVision, Figma"",""Interaction Design, Human-Computer Interaction"""
